{
    "attributes": {
        "description": "SetupAuditTrail EventLogFile Data",
        "hits": 0,
        "kibanaSavedObjectMeta": {
            "searchSourceJSON": {
                "filter": [],
                "query": {
                    "language": "kuery",
                    "query": ""
                }
            }
        },
        "optionsJSON": {
            "hidePanelTitles": false,
            "syncColors": false,
            "useMargins": false
        },
        "panelsJSON": [
            {
                "embeddableConfig": {
                    "enhancements": {}
                },
                "gridData": {
                    "h": 4,
                    "i": "c7fd367e-26a0-440d-abdf-6c217aaa3d82",
                    "w": 48,
                    "x": 0,
                    "y": 0
                },
                "panelIndex": "c7fd367e-26a0-440d-abdf-6c217aaa3d82",
                "panelRefName": "panel_c7fd367e-26a0-440d-abdf-6c217aaa3d82",
                "type": "visualization",
                "version": "7.15.0"
            },
            {
                "embeddableConfig": {
                    "enhancements": {},
                    "hidePanelTitles": false,
                    "vis": {
                        "legendOpen": false
                    }
                },
                "gridData": {
                    "h": 13,
                    "i": "cd348728-bab4-44b0-96cb-6f29b1095701",
                    "w": 16,
                    "x": 16,
                    "y": 4
                },
                "panelIndex": "cd348728-bab4-44b0-96cb-6f29b1095701",
                "panelRefName": "panel_cd348728-bab4-44b0-96cb-6f29b1095701",
                "title": "Top 10 Section Over Time [Filebeat Salesforce]",
                "type": "visualization",
                "version": "7.15.0"
            },
            {
                "embeddableConfig": {
                    "enhancements": {},
                    "hidePanelTitles": false,
                    "vis": {
                        "legendOpen": false
                    }
                },
                "gridData": {
                    "h": 13,
                    "i": "ecb2c974-d2ed-4256-a467-451be88465a7",
                    "w": 16,
                    "x": 32,
                    "y": 4
                },
                "panelIndex": "ecb2c974-d2ed-4256-a467-451be88465a7",
                "panelRefName": "panel_ecb2c974-d2ed-4256-a467-451be88465a7",
                "title": "Number of Actions performed over URLs [Filebeat Salesforce]",
                "type": "visualization",
                "version": "7.15.0"
            },
            {
                "embeddableConfig": {
                    "enhancements": {},
                    "hidePanelTitles": false
                },
                "gridData": {
                    "h": 27,
                    "i": "fcd86baf-07ec-4c31-b1f6-054bbab0152c",
                    "w": 48,
                    "x": 0,
                    "y": 17
                },
                "panelIndex": "fcd86baf-07ec-4c31-b1f6-054bbab0152c",
                "panelRefName": "panel_fcd86baf-07ec-4c31-b1f6-054bbab0152c",
                "title": "SetupAuditTrail evnets data [Filebeat Salesforce]",
                "type": "search",
                "version": "7.15.0"
            },
            {
                "embeddableConfig": {
                    "enhancements": {},
                    "hidePanelTitles": false
                },
                "gridData": {
                    "h": 13,
                    "i": "701cda8c-8a8a-4e39-ac16-52397b712b87",
                    "w": 16,
                    "x": 0,
                    "y": 4
                },
                "panelIndex": "701cda8c-8a8a-4e39-ac16-52397b712b87",
                "panelRefName": "panel_701cda8c-8a8a-4e39-ac16-52397b712b87",
                "title": "Top 10 Actions Performed [Filebeat Salesforce]",
                "type": "visualization",
                "version": "7.15.0"
            }
        ],
        "refreshInterval": {
            "pause": true,
            "value": 0
        },
        "timeFrom": "now-30d/d",
        "timeRestore": true,
        "timeTo": "now",
        "title": "[Filebeat Salesforce] Setup Audit Trail Dashboard",
        "version": 1
    },
    "coreMigrationVersion": "7.15.0",
    "id": "salesforce-790da810-5749-11ec-8f0b-05e8b06e1b10",
    "migrationVersion": {
        "dashboard": "7.15.0"
    },
    "references": [
        {
            "id": "7a22ead0-5758-11ec-8f0b-05e8b06e1b10",
            "name": "c7fd367e-26a0-440d-abdf-6c217aaa3d82:panel_c7fd367e-26a0-440d-abdf-6c217aaa3d82",
            "type": "visualization"
        },
        {
            "id": "cf5f92c0-4b8a-11ec-9959-a3c0f68b1e4f",
            "name": "cd348728-bab4-44b0-96cb-6f29b1095701:panel_cd348728-bab4-44b0-96cb-6f29b1095701",
            "type": "visualization"
        },
        {
            "id": "5b503310-4b8c-11ec-9959-a3c0f68b1e4f",
            "name": "ecb2c974-d2ed-4256-a467-451be88465a7:panel_ecb2c974-d2ed-4256-a467-451be88465a7",
            "type": "visualization"
        },
        {
            "id": "769ba1c0-4b84-11ec-9959-a3c0f68b1e4f",
            "name": "fcd86baf-07ec-4c31-b1f6-054bbab0152c:panel_fcd86baf-07ec-4c31-b1f6-054bbab0152c",
            "type": "search"
        },
        {
            "id": "f5942600-5d95-11ec-9523-d1b667ac64c0",
            "name": "701cda8c-8a8a-4e39-ac16-52397b712b87:panel_701cda8c-8a8a-4e39-ac16-52397b712b87",
            "type": "visualization"
        },
        {
            "id": "50e50c20-5749-11ec-8f0b-05e8b06e1b10",
            "name": "tag-50e50c20-5749-11ec-8f0b-05e8b06e1b10",
            "type": "tag"
        }
    ],
    "type": "dashboard",
    "updated_at": "2022-05-06T12:16:51.077Z",
    "version": "WzM0MDA4LDNd"
}