{
    "attributes": {
        "description": "Login EventLogFile Data",
        "hits": 0,
        "kibanaSavedObjectMeta": {
            "searchSourceJSON": {
                "filter": [],
                "query": {
                    "language": "kuery",
                    "query": ""
                }
            }
        },
        "optionsJSON": {
            "hidePanelTitles": false,
            "syncColors": false,
            "useMargins": false
        },
        "panelsJSON": [
            {
                "embeddableConfig": {
                    "enhancements": {}
                },
                "gridData": {
                    "h": 4,
                    "i": "4556b8a4-b5c8-4bb2-bc03-23b4f40b3af0",
                    "w": 48,
                    "x": 0,
                    "y": 0
                },
                "panelIndex": "4556b8a4-b5c8-4bb2-bc03-23b4f40b3af0",
                "panelRefName": "panel_4556b8a4-b5c8-4bb2-bc03-23b4f40b3af0",
                "type": "visualization",
                "version": "7.15.0"
            },
            {
                "embeddableConfig": {
                    "enhancements": {}
                },
                "gridData": {
                    "h": 15,
                    "i": "df92b3a0-d885-4bac-a98b-ab94d1d65936",
                    "w": 12,
                    "x": 0,
                    "y": 4
                },
                "panelIndex": "df92b3a0-d885-4bac-a98b-ab94d1d65936",
                "panelRefName": "panel_df92b3a0-d885-4bac-a98b-ab94d1d65936",
                "type": "visualization",
                "version": "7.15.0"
            },
            {
                "embeddableConfig": {
                    "enhancements": {},
                    "hidePanelTitles": false
                },
                "gridData": {
                    "h": 15,
                    "i": "ae31f75c-4943-48ee-8177-f7ad58a91553",
                    "w": 12,
                    "x": 12,
                    "y": 4
                },
                "panelIndex": "ae31f75c-4943-48ee-8177-f7ad58a91553",
                "panelRefName": "panel_ae31f75c-4943-48ee-8177-f7ad58a91553",
                "title": "Failed login attempts [Filebeat Salesforce]",
                "type": "visualization",
                "version": "7.15.0"
            },
            {
                "embeddableConfig": {
                    "enhancements": {},
                    "hiddenLayers": [],
                    "hidePanelTitles": false,
                    "isLayerTOCOpen": false,
                    "mapBuffer": {
                        "maxLat": 66.51326,
                        "maxLon": 180,
                        "minLat": -66.51326,
                        "minLon": -90
                    },
                    "mapCenter": {
                        "lat": 14.75725,
                        "lon": 26.27964,
                        "zoom": 1.31
                    },
                    "openTOCDetails": []
                },
                "gridData": {
                    "h": 15,
                    "i": "9caaed64-6c42-40af-a6af-ae58cce576e3",
                    "w": 24,
                    "x": 24,
                    "y": 4
                },
                "panelIndex": "9caaed64-6c42-40af-a6af-ae58cce576e3",
                "panelRefName": "panel_9caaed64-6c42-40af-a6af-ae58cce576e3",
                "title": "Salesforce activity by region [Filebeat Salesforce]",
                "type": "map",
                "version": "7.15.0"
            },
            {
                "embeddableConfig": {
                    "enhancements": {}
                },
                "gridData": {
                    "h": 15,
                    "i": "157cf178-6669-496e-9f0e-7d9ac8bab21d",
                    "w": 48,
                    "x": 0,
                    "y": 19
                },
                "panelIndex": "157cf178-6669-496e-9f0e-7d9ac8bab21d",
                "panelRefName": "panel_157cf178-6669-496e-9f0e-7d9ac8bab21d",
                "type": "visualization",
                "version": "7.15.0"
            },
            {
                "embeddableConfig": {
                    "enhancements": {},
                    "hidePanelTitles": false
                },
                "gridData": {
                    "h": 15,
                    "i": "a2a1513d-f5fb-4d1d-a7ce-d7a3903d55ca",
                    "w": 24,
                    "x": 0,
                    "y": 34
                },
                "panelIndex": "a2a1513d-f5fb-4d1d-a7ce-d7a3903d55ca",
                "panelRefName": "panel_a2a1513d-f5fb-4d1d-a7ce-d7a3903d55ca",
                "title": "User ID [Filebeat Salesforce]",
                "type": "visualization",
                "version": "7.15.0"
            },
            {
                "embeddableConfig": {
                    "enhancements": {},
                    "hidePanelTitles": false
                },
                "gridData": {
                    "h": 15,
                    "i": "eb23e36d-9001-4fd2-ad9f-aacf62811beb",
                    "w": 24,
                    "x": 24,
                    "y": 34
                },
                "panelIndex": "eb23e36d-9001-4fd2-ad9f-aacf62811beb",
                "panelRefName": "panel_eb23e36d-9001-4fd2-ad9f-aacf62811beb",
                "title": "Success rate [Filebeat Salesforce]",
                "type": "visualization",
                "version": "7.15.0"
            },
            {
                "embeddableConfig": {
                    "enhancements": {},
                    "hidePanelTitles": false
                },
                "gridData": {
                    "h": 15,
                    "i": "1436e9ad-013d-4416-a616-9a3c134af834",
                    "w": 24,
                    "x": 0,
                    "y": 49
                },
                "panelIndex": "1436e9ad-013d-4416-a616-9a3c134af834",
                "panelRefName": "panel_1436e9ad-013d-4416-a616-9a3c134af834",
                "title": "Top IP addresses by request count [Filebeat Salesforce]",
                "type": "visualization",
                "version": "7.15.0"
            },
            {
                "embeddableConfig": {
                    "enhancements": {},
                    "hidePanelTitles": false
                },
                "gridData": {
                    "h": 15,
                    "i": "83337583-735d-44c1-8dc9-8e4f032d42fb",
                    "w": 24,
                    "x": 24,
                    "y": 49
                },
                "panelIndex": "83337583-735d-44c1-8dc9-8e4f032d42fb",
                "panelRefName": "panel_83337583-735d-44c1-8dc9-8e4f032d42fb",
                "title": "Login type [Filebeat Salesforce]",
                "type": "visualization",
                "version": "7.15.0"
            },
            {
                "embeddableConfig": {
                    "enhancements": {},
                    "hidePanelTitles": false
                },
                "gridData": {
                    "h": 15,
                    "i": "20a81ce2-6345-4cad-936e-4337ac6bb3b0",
                    "w": 24,
                    "x": 0,
                    "y": 64
                },
                "panelIndex": "20a81ce2-6345-4cad-936e-4337ac6bb3b0",
                "panelRefName": "panel_20a81ce2-6345-4cad-936e-4337ac6bb3b0",
                "title": "Activity segmentation by browser/client [Filebeat Salesforce]",
                "type": "visualization",
                "version": "7.15.0"
            },
            {
                "embeddableConfig": {
                    "enhancements": {},
                    "hidePanelTitles": false
                },
                "gridData": {
                    "h": 28,
                    "i": "8b648987-21fb-4b71-8d63-0e406180f168",
                    "w": 48,
                    "x": 0,
                    "y": 79
                },
                "panelIndex": "8b648987-21fb-4b71-8d63-0e406180f168",
                "panelRefName": "panel_8b648987-21fb-4b71-8d63-0e406180f168",
                "title": "Login events table [Filebeat Salesforce]",
                "type": "search",
                "version": "7.15.0"
            },
            {
                "embeddableConfig": {
                    "enhancements": {},
                    "hidePanelTitles": false
                },
                "gridData": {
                    "h": 15,
                    "i": "4d6fa731-c3b5-4ec5-b604-f30b32d9ac5d",
                    "w": 24,
                    "x": 24,
                    "y": 64
                },
                "panelIndex": "4d6fa731-c3b5-4ec5-b604-f30b32d9ac5d",
                "panelRefName": "panel_4d6fa731-c3b5-4ec5-b604-f30b32d9ac5d",
                "title": "Application type [Filebeat Salesforce]",
                "type": "visualization",
                "version": "7.15.0"
            }
        ],
        "refreshInterval": {
            "pause": false,
            "value": 900000
        },
        "timeFrom": "now-7d/d",
        "timeRestore": true,
        "timeTo": "now",
        "title": "[Filebeat Salesforce] Login Dashboard",
        "version": 1
    },
    "coreMigrationVersion": "7.15.0",
    "id": "salesforce-1659aef0-574c-11ec-8f0b-05e8b06e1b10",
    "migrationVersion": {
        "dashboard": "7.15.0"
    },
    "references": [
        {
            "id": "7a22ead0-5758-11ec-8f0b-05e8b06e1b10",
            "name": "4556b8a4-b5c8-4bb2-bc03-23b4f40b3af0:panel_4556b8a4-b5c8-4bb2-bc03-23b4f40b3af0",
            "type": "visualization"
        },
        {
            "id": "c69e97e0-5d72-11ec-9523-d1b667ac64c0",
            "name": "df92b3a0-d885-4bac-a98b-ab94d1d65936:panel_df92b3a0-d885-4bac-a98b-ab94d1d65936",
            "type": "visualization"
        },
        {
            "id": "f4e05440-5d72-11ec-9523-d1b667ac64c0",
            "name": "ae31f75c-4943-48ee-8177-f7ad58a91553:panel_ae31f75c-4943-48ee-8177-f7ad58a91553",
            "type": "visualization"
        },
        {
            "id": "5c2e6bc0-5d6c-11ec-9523-d1b667ac64c0",
            "name": "9caaed64-6c42-40af-a6af-ae58cce576e3:panel_9caaed64-6c42-40af-a6af-ae58cce576e3",
            "type": "map"
        },
        {
            "id": "fbb560f0-5d8e-11ec-9523-d1b667ac64c0",
            "name": "157cf178-6669-496e-9f0e-7d9ac8bab21d:panel_157cf178-6669-496e-9f0e-7d9ac8bab21d",
            "type": "visualization"
        },
        {
            "id": "e6da1080-5d8f-11ec-9523-d1b667ac64c0",
            "name": "a2a1513d-f5fb-4d1d-a7ce-d7a3903d55ca:panel_a2a1513d-f5fb-4d1d-a7ce-d7a3903d55ca",
            "type": "visualization"
        },
        {
            "id": "33be8340-5d90-11ec-9523-d1b667ac64c0",
            "name": "eb23e36d-9001-4fd2-ad9f-aacf62811beb:panel_eb23e36d-9001-4fd2-ad9f-aacf62811beb",
            "type": "visualization"
        },
        {
            "id": "80c0b730-5d90-11ec-9523-d1b667ac64c0",
            "name": "1436e9ad-013d-4416-a616-9a3c134af834:panel_1436e9ad-013d-4416-a616-9a3c134af834",
            "type": "visualization"
        },
        {
            "id": "ab958760-5d90-11ec-9523-d1b667ac64c0",
            "name": "83337583-735d-44c1-8dc9-8e4f032d42fb:panel_83337583-735d-44c1-8dc9-8e4f032d42fb",
            "type": "visualization"
        },
        {
            "id": "e8175600-5d90-11ec-9523-d1b667ac64c0",
            "name": "20a81ce2-6345-4cad-936e-4337ac6bb3b0:panel_20a81ce2-6345-4cad-936e-4337ac6bb3b0",
            "type": "visualization"
        },
        {
            "id": "51d23250-5d8b-11ec-9523-d1b667ac64c0",
            "name": "8b648987-21fb-4b71-8d63-0e406180f168:panel_8b648987-21fb-4b71-8d63-0e406180f168",
            "type": "search"
        },
        {
            "id": "baeaca80-cd2b-11ec-83d5-7f8e1b7a2529",
            "name": "4d6fa731-c3b5-4ec5-b604-f30b32d9ac5d:panel_4d6fa731-c3b5-4ec5-b604-f30b32d9ac5d",
            "type": "visualization"
        },
        {
            "id": "50e50c20-5749-11ec-8f0b-05e8b06e1b10",
            "name": "tag-50e50c20-5749-11ec-8f0b-05e8b06e1b10",
            "type": "tag"
        }
    ],
    "type": "dashboard",
    "updated_at": "2022-05-06T11:14:54.091Z",
    "version": "WzMzNDY2LDNd"
}