{
    "attributes": {
        "columns": [
            "_source"
        ],
        "description": "",
        "hits": 0,
        "kibanaSavedObjectMeta": {
            "searchSourceJSON": {
                "filter": [],
                "highlightAll": true,
                "indexRefName": "kibanaSavedObjectMeta.searchSourceJSON.index",
                "query": {
                    "language": "kuery",
                    "query": "event.dataset: \"panw.panos\" and event.category: \"network\""
                },
                "version": true
            }
        },
        "sort": [
            [
                "@timestamp",
                "desc"
            ]
        ],
        "title": "PAN-OS Flows [Filebeat PANW] ECS",
        "version": 1
    },
    "coreMigrationVersion": "8.0.0",
    "id": "290685e0-7569-11e9-976e-65a8f47cc4c1",
    "migrationVersion": {
        "search": "7.9.3"
    },
    "references": [
        {
            "id": "filebeat-*",
            "name": "kibanaSavedObjectMeta.searchSourceJSON.index",
            "type": "index-pattern"
        }
    ],
    "type": "search",
    "updated_at": "2021-08-04T16:34:20.886Z",
    "version": "WzQ1MjIsMV0="
}