{
    "attributes": {
        "columns": [
            "salesforce.access_mode",
            "salesforce.login.db_total_time",
            "salesforce.login.evaluation_time",
            "salesforce.login.login_type",
            "salesforce.login.request_status",
            "salesforce.login.run_time",
            "salesforce.login.session_level"
        ],
        "description": "",
        "grid": {},
        "hideChart": false,
        "kibanaSavedObjectMeta": {
            "searchSourceJSON": {
                "filter": [
                    {
                        "$state": {
                            "store": "appState"
                        },
                        "meta": {
                            "alias": null,
                            "disabled": false,
                            "indexRefName": "kibanaSavedObjectMeta.searchSourceJSON.filter[0].meta.index",
                            "key": "event.dataset",
                            "negate": false,
                            "params": {
                                "query": "salesforce.login"
                            },
                            "type": "phrase"
                        },
                        "query": {
                            "match_phrase": {
                                "event.dataset": "salesforce.login"
                            }
                        }
                    }
                ],
                "indexRefName": "kibanaSavedObjectMeta.searchSourceJSON.index",
                "query": {
                    "language": "kuery",
                    "query": ""
                }
            }
        },
        "sort": [
            [
                "@timestamp",
                "desc"
            ]
        ],
        "title": "Login Log Table [Filebeat Salesforce]"
    },
    "coreMigrationVersion": "7.15.0",
    "id": "51d23250-5d8b-11ec-9523-d1b667ac64c0",
    "migrationVersion": {
        "search": "7.9.3"
    },
    "references": [
        {
            "id": "filebeat-*",
            "name": "kibanaSavedObjectMeta.searchSourceJSON.index",
            "type": "index-pattern"
        },
        {
            "id": "filebeat-*",
            "name": "kibanaSavedObjectMeta.searchSourceJSON.filter[0].meta.index",
            "type": "index-pattern"
        }
    ],
    "type": "search",
    "updated_at": "2022-05-06T11:14:54.091Z",
    "version": "WzMzNDYzLDNd"
}